arctic_a0447_trimmed||Ah, it is growing dark and darker.
arctic_b0301_trimmed||A flying arrow passed between us.
arctic_b0399_trimmed||You were looking squeamish this afternoon, he began.
arctic_a0221_trimmed||I don't know why you're here at all.
arctic_b0401_trimmed||I learned it myself in English ships.
arctic_b0053_trimmed||That is why I am, am rattled, he laughed.
arctic_b0052_trimmed||The flush was gone from her face.
arctic_b0315_trimmed||And this was their sole conversation throughout the meal.
arctic_a0568_trimmed||He was just bursting with joy, joy over what.
arctic_b0325_trimmed||It was a gigantic inadequacy.
arctic_b0017_trimmed||Everything was working smoothly, better than I had expected.
arctic_a0123_trimmed||She had died from cold and starvation.
arctic_a0343_trimmed||You mean for this State, General, Alberta.
arctic_a0246_trimmed||You have heard always how he was the lover of the Princess Naomi.
arctic_a0214_trimmed||Besides, he was paid one case of tobacco per head.
arctic_b0091_trimmed||For a full half minute Jeanne looked at him without speaking.
arctic_b0251_trimmed||They must have been swept away by the chaotic currents.
arctic_a0161_trimmed||Take away their foreman and they wouldn't be worth their grub.
arctic_a0240_trimmed||Wash your hands of me.
arctic_a0423_trimmed||McVeigh when he returns from a trip to Honolulu.
arctic_a0489_trimmed||They were artists, not biologists.
arctic_a0419_trimmed||The Portuguese boy passed the Hawaiian.
arctic_a0297_trimmed||There's a big English general right now whose name is Roberts.
arctic_b0185_trimmed||Your being wrecked here has been a godsend to me.
arctic_b0318_trimmed||Again he had done the big thing.
arctic_b0088_trimmed||Until I die, he exclaimed.
arctic_a0381_trimmed||My name's Ferguson.
arctic_b0459_trimmed||They are not biologists nor sociologists.
arctic_b0413_trimmed||He may desire to escape pain, or to enjoy pleasure.
arctic_a0055_trimmed||Philip stood undecided, his ears strained to catch the slightest sound.
arctic_a0054_trimmed||There was nothing on the rock.
arctic_b0223_trimmed||They likewise are disinclined to being eaten.
arctic_a0564_trimmed||Then it is as I said, Womble announced with finality.
arctic_a0524_trimmed||At once would be instituted a dozen cooperative commonwealth states.
arctic_a0112_trimmed||He was wounded in the arm.
arctic_b0283_trimmed||But we were without this momentum.
arctic_a0270_trimmed||And after the bath a shave would not be bad.
arctic_a0441_trimmed||Violent life and athletic sports had never appealed to me.
arctic_b0404_trimmed||Yes, and no, sir, was the slow reply.
arctic_a0076_trimmed||The gray eyes faltered; the flush deepened.
arctic_a0046_trimmed||The girl faced him, her eyes shining with sudden fear.
arctic_a0520_trimmed||He was fond of quoting a fragment from a certain poem.
arctic_b0288_trimmed||We would not spend another such night.
arctic_b0033_trimmed||How does your wager look now.
arctic_b0056_trimmed||I'll give a thousand if you produce her, retorted Gregson.
arctic_a0313_trimmed||Broken-Tooth yelled with fright and pain.
arctic_b0445_trimmed||Mops, sir, eagerly answered the sailor at the wheel.
arctic_a0442_trimmed||You live on an income which your father earned.
arctic_b0416_trimmed||I arose obediently and went down the beach.
arctic_a0391_trimmed||But he reconciled himself to it by an act of faith.
arctic_a0082_trimmed||His face was streaming with blood.
arctic_a0075_trimmed||There has been a change, she interrupted him.
arctic_b0037_trimmed||Philip knew that she was not an Indian.
arctic_a0327_trimmed||They were less stooped than we, less springy in their movements.
arctic_b0224_trimmed||But to culture the Revolution thus far had exhausted the Junta.
arctic_b0488_trimmed||Beyond refusing to sell us food, they left us to ourselves.
arctic_a0165_trimmed||They are to attack your camp tomorrow night.
arctic_a0305_trimmed||They had no fixed values, to be altered by adjectives and adverbs.
arctic_a0510_trimmed||Much more Ernest told them of themselves and of his disillusionment.
arctic_b0403_trimmed||Knowing him, I review the old Scandinavian myths with clearer understanding.
arctic_a0412_trimmed||There is another virtue in these bulkheads.
arctic_b0362_trimmed||We threaten to be of the one mind before the voyage is completed.
arctic_a0025_trimmed||I was about to do this when cooler judgment prevailed.
arctic_b0295_trimmed||All right, Sir, replied Jock with great regret.
arctic_a0416_trimmed||The added weight had a velocity of fifteen miles per hour.
arctic_a0069_trimmed||It was his intention to return to Eileen and her father.
arctic_b0089_trimmed||Her beautiful hair was done up in shining coils.
arctic_b0508_trimmed||In his anxiety and solicitude and love they did not count.
arctic_a0166_trimmed||Two days ago Jeanne learned where her father's men were hiding.
arctic_a0003_trimmed||For the twentieth time that evening the two men shook hands.
arctic_b0448_trimmed||Sandel would never become a world champion.
arctic_b0256_trimmed||Outwardly, he maintained a calm and smiling aspect.
arctic_a0150_trimmed||Goodbye, Pierre, he shouted.
arctic_a0556_trimmed||Why, he's bought forty pounds of goods from you already.
arctic_a0028_trimmed||Robbery, bribery, fraud, 
arctic_a0399_trimmed||And here's another idea.
arctic_a0338_trimmed||The fighting had now become intermittent.
arctic_a0146_trimmed||Of course, that is uninteresting, she continued.
arctic_b0408_trimmed||You have all the advantage.
arctic_b0507_trimmed||Did I possess too much vitality.
arctic_b0130_trimmed||She saw the answer in his face.
arctic_a0247_trimmed||They ought to pass here some time today.
arctic_b0178_trimmed||Also, I want information.
arctic_a0190_trimmed||Next to them the Canada jays were most persistent.
arctic_b0236_trimmed||Oolong was two hundred and fifty miles from the nearest land.
arctic_b0510_trimmed||He knew what taboos he was violating.
arctic_b0343_trimmed||But how are you going to do it.
arctic_a0229_trimmed||The last one I knew was an overseer.
arctic_a0151_trimmed||And MacDougall was beyond the trail, with three weeks to spare.
arctic_a0358_trimmed||They continued valiantly to lie, but the truth continued to outrun them.
arctic_a0138_trimmed||In the picture he saw each moment a greater resemblance to Jeanne.
arctic_a0367_trimmed||There is not an iota of truth in it, certainly not.
arctic_a0445_trimmed||The creative joy, I murmured.
arctic_b0176_trimmed||I'll see to poor Hughie.
arctic_b0227_trimmed||Shorty turned to their employers.
arctic_a0066_trimmed||He saw Jeanne falter for a moment.
arctic_a0106_trimmed||The emotion which she had suppressed burst forth now in a choking sob.
arctic_a0322_trimmed||This is a common experience with all of us.
arctic_b0250_trimmed||By this time Charley was as enraged as the Greek.
arctic_b0059_trimmed||In moments of mental energy Philip was restless.
arctic_a0200_trimmed||He leapt again, and the club caught him once more.
arctic_b0375_trimmed||Man could not conquer them.
arctic_b0023_trimmed||MacDougall, my engineer, believes it.
arctic_b0392_trimmed||Yes, sir, he answered, with cheerful alacrity.
arctic_a0276_trimmed||Oolong Atoll was one hundred and forty miles in circumference.
arctic_b0204_trimmed||Down through the perfume weighted air fluttered the snowy fluffs of the cottonwoods.
arctic_b0412_trimmed||Ah, it was sweet in my ears.
arctic_a0533_trimmed||Dunham, can your boy go along with Jesse.
arctic_a0263_trimmed||Joan looked triumphantly at Sheldon, who bowed.
arctic_a0056_trimmed||Pearce's little eyes were fixed on him shrewdly.
arctic_a0414_trimmed||Now our figuring was all right.
arctic_b0484_trimmed||This the Iron Heel foresaw and laid its schemes accordingly.
arctic_b0110_trimmed||Such men believe, when they come together.
arctic_b0320_trimmed||The regret in his voice was provocative of a second burst of laughter.
arctic_a0341_trimmed||Why, doggone you all, shake again.
arctic_a0557_trimmed||The last refugee had passed.
arctic_b0079_trimmed||The truth of it set Jeanne quivering.
arctic_b0160_trimmed||It was over when he made his way through the ring of spectators.
arctic_b0002_trimmed||You got out by fighting, and I through a pretty girl.
arctic_b0442_trimmed||He had become a man very early in life.
arctic_a0042_trimmed||How could he explain his possession of the sketch.
arctic_b0121_trimmed||I want my men to work by themselves.
arctic_b0016_trimmed||He chuckled as he pulled out his pipe and began filling it.
arctic_a0113_trimmed||I suppose you picked that lingo up among the Indians.
arctic_a0125_trimmed||He was determined now to maintain a more certain hold upon himself.
arctic_a0320_trimmed||With my strength I slammed it full into Red-Eye's face.
arctic_b0316_trimmed||Though the aurora still flamed, another day had begun.
arctic_a0324_trimmed||It was not Red-Eye's way to forego revenge so easily.
arctic_b0490_trimmed||What an excited whispering and conferring took place.
arctic_b0254_trimmed||At the same time spears and arrows began to fall among the invaders.
arctic_a0239_trimmed||He cried in such genuine dismay that she broke into hearty laughter.
arctic_a0529_trimmed||As I say, he had tapped the message very rapidly.
arctic_b0389_trimmed||Among my minor afflictions, I may mention a new and mysterious one.
arctic_a0516_trimmed||Also, there was awe in their faces.
arctic_a0448_trimmed||I was Hump, cabin boy on the schooner Ghost.
arctic_a0370_trimmed||He saw all men in the business game doing this.
arctic_a0471_trimmed||I saw Mr Pike nod his head grimly and sarcastically.
arctic_a0095_trimmed||A big canvas tent was the first thing to come within his vision.
arctic_a0130_trimmed||She was his now, forever.
arctic_a0057_trimmed||I have no idea, replied Philip.
arctic_a0085_trimmed||A trickle of fresh blood ran over his face.
arctic_b0073_trimmed||With these arguments he convinced himself that he should go on alone.
arctic_b0314_trimmed||He had been born with this endowment.
arctic_b0528_trimmed||Captain Doane's orders were swiftly obeyed.
arctic_a0250_trimmed||He had observed the business life of Hawaii and developed a vaulting ambition.
arctic_b0469_trimmed||Very few people knew of the existence of this law.
arctic_b0021_trimmed||Philip dropped back into his chair.
arctic_b0297_trimmed||Why should a fellow throw up the sponge after the first round.
arctic_b0099_trimmed||Fifty yards ahead of her were the first of the rocks.
arctic_b0492_trimmed||Thus he turned the tenets and jargon of psychology back on me.
arctic_b0221_trimmed||It's a Yankee, Joan cried.
arctic_a0460_trimmed||I had forgotten their existence.
arctic_a0578_trimmed||But we'll just postpone this.
arctic_a0176_trimmed||For the first time in his life he was yearning for a scrap.
arctic_a0039_trimmed||The ship should be in within a week or ten days.
arctic_b0324_trimmed||Not till the twentieth of May did the river break.
arctic_b0534_trimmed||I'll tell you, the librarian said with a brightening face.
arctic_a0023_trimmed||A combination of Canadian capital quickly organized and petitioned for the same privileges.
arctic_a0091_trimmed||His blood grew hot with rage at the thought.
arctic_a0160_trimmed||You want to go over and see his gang throw dirt.
arctic_b0379_trimmed||Christmas is an easy problem compared with a Polynesian giving-feast.
arctic_a0532_trimmed||May drought destroy your crops.
arctic_a0143_trimmed||Ah, I had forgotten, he exclaimed.
arctic_b0433_trimmed||We are cooking on the coal stove and on the oil burners.
arctic_a0257_trimmed||They are coming ashore, whoever they are.
arctic_a0354_trimmed||Fresh meat they failed to obtain.
arctic_a0347_trimmed||They are greatly delighted with anything that is bright or giveth a sound.
arctic_b0109_trimmed||Philip ate lightly of the food which Pierre had ready for him.
arctic_b0434_trimmed||The steward has just tendered me a respectful bit of advice.
arctic_b0369_trimmed||You see, we were teaching ourselves.
arctic_b0191_trimmed||He also contended that better confidence was established by carrying no weapons.
arctic_b0148_trimmed||The Indian even poked his stick into the thick ground spruce.
arctic_a0398_trimmed||In the car were Unwin and Harrison, while Jones sat with the chauffeur.
arctic_a0546_trimmed||I lost my balance and pitched head foremost into the ooze.
arctic_a0048_trimmed||He looked at the handkerchief more, closely.
arctic_a0498_trimmed||The lines were now very taut.
arctic_b0038_trimmed||In her haste to get away she had forgotten these things.
arctic_b0475_trimmed||Not a wheel moved in his empire.
arctic_b0077_trimmed||It is the nearest refuge.
arctic_b0278_trimmed||Now animals do not like mockery.
arctic_a0472_trimmed||He is too keenly intelligent, too sharply sensitive, successfully to endure.
arctic_b0096_trimmed||Within himself he called it no longer his own.
arctic_a0108_trimmed||He waded into the edge of the water and began scrubbing himself.
arctic_a0079_trimmed||It was a large canoe.
arctic_a0242_trimmed||I saw it when she rolled.
arctic_b0274_trimmed||From the source of light a harsh voice said.
arctic_a0383_trimmed||To his surprise, her answer was flat and uncompromising.
arctic_b0232_trimmed||It was a superb picture.
arctic_a0484_trimmed||No-sir-ee.
arctic_b0045_trimmed||Philip did not pursue the subject.
arctic_b0453_trimmed||Isaac Ford, the austere soldier of the Lord, the old hypocrite.
arctic_a0337_trimmed||Encouraged by my conduct, Big-Face became a sudden ally.
arctic_b0237_trimmed||They just lay off in the bush and plugged away.
arctic_b0197_trimmed||The planters are already considering the matter.
arctic_a0409_trimmed||He could feel a new stir in the land.
arctic_b0127_trimmed||He destroyed everything that had belonged to the woman.
arctic_b0486_trimmed||But why continue the tirade, for tirade it was.
arctic_a0274_trimmed||And Raoul listened again to the tale of the house.
arctic_b0025_trimmed||Now, you understand.
arctic_b0220_trimmed||Harry Bancroft, Dave lied.
arctic_b0491_trimmed||Jacob Brinker, who was his roadmate, brought the news.
arctic_b0169_trimmed||He drew in a deep breath as he looked at them.
arctic_b0269_trimmed||Why not like any railroad station or ferry depot.
arctic_b0193_trimmed||So was Packard's finish suicide.
arctic_b0506_trimmed||It would help to tide me along until I got steady employment.
arctic_b0217_trimmed||Such is my passage engaged on the steamer.
arctic_a0446_trimmed||He deluged me, overwhelmed me with argument.
arctic_a0256_trimmed||See the length of the body and that elongated neck.
arctic_a0325_trimmed||Whiz-zip-bang. Lop-Ear screamed with sudden anguish.
arctic_a0330_trimmed||Red-Eye never committed a more outrageous deed.
arctic_a0475_trimmed||His outstretched arm dropped to his side, and he paused.
arctic_a0139_trimmed||He told himself that as he washed himself and groomed his disheveled clothes.
arctic_b0398_trimmed||I have been robbed, sir, I amended.
arctic_a0011_trimmed||If I ever needed a fighter in my life I need one now.
arctic_b0428_trimmed||The history of our westward-faring race is written in it.
arctic_a0458_trimmed||The stout wood was crushed like an eggshell.
arctic_a0495_trimmed||He bore no grudges and had few enemies.
arctic_a0356_trimmed||You don't catch me at any such foolishness.
arctic_b0072_trimmed||Then he hastened on, as Pierre had guided him.
arctic_b0100_trimmed||There was one chance, and only one, of saving Jeanne.
arctic_a0361_trimmed||But he did not broach it, preferring to mature it carefully.
arctic_b0034_trimmed||He confessed that the sketch had startled him.
arctic_b0313_trimmed||The apron string loomed near and he shied like an unbroken colt.
arctic_b0054_trimmed||He understood the meaning of the look.
arctic_a0162_trimmed||That's the sub-foreman, explained Thorpe.
arctic_a0417_trimmed||It is also an insidious, deceitful sun.
arctic_a0497_trimmed||King took every advantage he knew.
arctic_b0451_trimmed||You used to joyride like the very devil.
arctic_a0537_trimmed||He was an enthusiast and a desert dweller.
arctic_a0100_trimmed||You must sleep, he urged.
arctic_a0329_trimmed||Ah, indeed.
arctic_b0272_trimmed||These were merely stout sticks an inch or so in diameter.
arctic_a0238_trimmed||It happened to him at the Gallina Society in Oakland one afternoon.
arctic_a0575_trimmed||There weren't any missions, and he was the man to know.
arctic_b0421_trimmed||She is essentially the life-giving, life-conserving female of the species.
arctic_a0527_trimmed||The lush vegetation of that sheltered spot make a natural shield.
arctic_a0550_trimmed||This also became part of the daily schedule.
arctic_b0535_trimmed||He read his fragments aloud.
arctic_b0516_trimmed||Zilla relaxed her sour mouth long enough to sigh her satisfaction.
arctic_b0179_trimmed||Let them go out and eat with my boys.
arctic_b0115_trimmed||For two hours not a word passed between them.
arctic_b0200_trimmed||We leave the eventuality to time and law.
arctic_b0385_trimmed||Last night he showed all the symptoms of coming down with pneumonia.
arctic_a0053_trimmed||Suddenly his fingers closed tightly over the handkerchief.
arctic_a0051_trimmed||The lace was of a delicate ivory color, faintly tinted with yellow.
arctic_a0285_trimmed||But what they want with your toothbrush is more than I can imagine.
arctic_a0592_trimmed||It's only his indigestion I find fault with.
arctic_a0400_trimmed||Manuel had one besetting sin.
arctic_a0081_trimmed||What if she did not come to the rock.
arctic_b0067_trimmed||Below him the shadow was broken into a pool of rippling starlight.
arctic_a0155_trimmed||Won't you draw up, gentlemen.
arctic_b0382_trimmed||I defy any man to get a Solomon Island sore in California.
arctic_b0305_trimmed||It was our river emerging like ourselves from the great swamp.
arctic_b0493_trimmed||You yellow giant thing of the frost.
arctic_a0579_trimmed||There was the Emma Louisa.
arctic_a0517_trimmed||Out of abstractions Ernest had conjured a vision and made them see it.
arctic_a0118_trimmed||Pierre obeys me when we are together.
arctic_a0410_trimmed||So we have to fit the boat throughout with oil lamps as well.
arctic_b0275_trimmed||But I did not enjoy it long.
arctic_b0424_trimmed||It is a very tenable hypothesis, and will bear looking into.
arctic_a0080_trimmed||What if Jeanne failed him.
arctic_a0107_trimmed||If you only could know how I thank you.
arctic_b0355_trimmed||There was proper division of labor in the work they individually performed.
arctic_b0365_trimmed||My age, in years, is twenty two.
arctic_b0511_trimmed||Do you value your hide.
arctic_a0065_trimmed||They closed now until his fingers were like cords of steel.
arctic_a0068_trimmed||In a flash Philip followed its direction.
arctic_a0580_trimmed||This is my fifth voyage.
arctic_b0005_trimmed||His slim fingers closed like steel about Philip's.
arctic_a0312_trimmed||It lived in perpetual apprehension of that quarter of the compass.
arctic_b0004_trimmed||When I can't see beauty in woman I want to die.
arctic_b0370_trimmed||And now behold the perversity of things.
arctic_a0468_trimmed||In the matter of curry she is a sheer genius.
arctic_a0249_trimmed||All eyes, however, were staring at him in certitude of expectancy.
arctic_b0205_trimmed||You were destroying my life.
arctic_b0471_trimmed||Also a fellow Senator, Chauncey Depew, said.
arctic_b0333_trimmed||It does, was her audacious answer.
arctic_a0194_trimmed||He drank of the water cautiously.
arctic_b0090_trimmed||The Churchill narrowed and its current became swifter as they progressed.
arctic_a0196_trimmed||He began to follow the footprints of the dog.
arctic_b0155_trimmed||His freshly caught furs he flung to the floor.
arctic_b0226_trimmed||Your face was the personification of duplicity.
arctic_a0008_trimmed||Gad, your letter came just in time.
arctic_a0569_trimmed||At Lake Linderman I had one canoe, very good Peterborough canoe.
arctic_a0552_trimmed||Yet he dreams he is immortal, I argue feebly.
arctic_b0194_trimmed||Joan cried, with shining eyes.
arctic_a0349_trimmed||It was simple, in its way, and no virtue of his.
arctic_b0284_trimmed||There was one difficulty, however.
arctic_b0012_trimmed||Something that Whittemore had not yet said thrilled him.
arctic_a0548_trimmed||Also, churches and preachers I had never known.
arctic_a0097_trimmed||Then you can arrange yourself comfortably among these robes in the bow.
arctic_a0041_trimmed||Meanwhile I'll go out to breathe a spell.
arctic_b0287_trimmed||Or have they already devised one.
arctic_a0258_trimmed||Soaked in seawater they offset the heat rays.
arctic_b0351_trimmed||Matthewson, who's this bookkeeper, Rogers.
arctic_b0515_trimmed||But already he had composed himself.
arctic_b0390_trimmed||The voyage was our idea of a good time.
arctic_a0306_trimmed||He was pressing beyond the limits of his vocabulary.
arctic_b0007_trimmed||Hear the Indian dogs wailing down at Churchill.
arctic_b0407_trimmed||Of course much grumbling went on, and little outbursts were continually occurring.
arctic_a0105_trimmed||Only, it is so wonderful, so almost impossible to believe.
arctic_a0227_trimmed||It was the same way with our revolvers and rifles.
arctic_a0220_trimmed||A dead man is of no use on a plantation.
arctic_a0470_trimmed||He spat it out like so much venom.
arctic_a0185_trimmed||The questions may have come vaguely in his mind.
arctic_a0583_trimmed||Enjoy it he did, but principally for Steward's sake.
arctic_a0129_trimmed||Her face was against his breast.
arctic_b0263_trimmed||Only once did I confide the strangeness of it all to another.
arctic_b0504_trimmed||The life there was healthful and athletic, but too juvenile.
arctic_a0378_trimmed||That's why its boundaries are all gouged and jagged.
arctic_b0156_trimmed||For that reason Le Beau had chosen him to fight the big fight.
arctic_a0195_trimmed||But a strange thing happened.
arctic_b0120_trimmed||There's the hitch, replied Thorpe, rolling a cigarette.
arctic_a0584_trimmed||I have long noted your thirst unquenchable.
arctic_b0047_trimmed||Suppose you saw me at work through the window.
arctic_b0103_trimmed||He lifted his eyes, and a strange cry burst from his lips.
arctic_b0061_trimmed||Something about it seemed to fascinate him, to challenge his presence.
arctic_a0554_trimmed||Jack London, Waikiki Beach, Honolulu, Oahu.
arctic_a0371_trimmed||It issued a rate of forty two dollars a car on charcoal.
arctic_a0225_trimmed||I was brought up the way most girls in Hawaii are brought up.
arctic_b0074_trimmed||Yet, behind them there was another and more powerful motive.
arctic_b0135_trimmed||In it was the joy of life.
arctic_a0279_trimmed||She said with chattering teeth.
arctic_a0536_trimmed||He would destroy all things that are fixed.
arctic_a0464_trimmed||Between the rush of the cascades, streaks of rust showed everywhere.
arctic_a0350_trimmed||Is that Pat Hanrahan's mug looking hungry and willing.
arctic_a0521_trimmed||Without them he could not run his empire.
arctic_b0249_trimmed||I know they are my oysters.
arctic_a0494_trimmed||O'Brien took off his coat and bared his right arm.
arctic_a0222_trimmed||What part of the United States is your home.
arctic_a0210_trimmed||Its diameter was not more than two hundred yards.
arctic_a0428_trimmed||It was not exactly a deportation.
arctic_a0567_trimmed||Now Irvine was a man of impulse, a poet.
arctic_b0499_trimmed||I said, and dismissed the matter as not worth thinking about.
arctic_a0183_trimmed||And the air was growing chilly.
arctic_a0352_trimmed||I'm sure going along with you all, Elijah.
arctic_b0234_trimmed||And watch out for wet feet, was his parting advice.
arctic_b0520_trimmed||Hans hurled himself upon the prostrate man, striking madly with his fists.
arctic_b0009_trimmed||I'd say there was going to be a glorious scrap.
arctic_b0222_trimmed||He was the leader, and Tudor was his lieutenant.
arctic_a0433_trimmed||To her the bridge was tambo, which is the native for taboo.
arctic_a0395_trimmed||As for himself, weren't the street railway earnings increasing steadily.
arctic_a0036_trimmed||She turned in at the hotel.
arctic_a0377_trimmed||This sound did not disturb the hush and awe of the place.
arctic_b0207_trimmed||I'm as good as a man, she urged.
arctic_a0272_trimmed||You can take a vacation on pay.
arctic_a0561_trimmed||Bill lingered, contemplating his work with artistic appreciation.
arctic_a0508_trimmed||Soon shall it be thrust back from off prostrate humanity.
arctic_b0481_trimmed||The task we set ourselves was threefold.
arctic_b0335_trimmed||Whoever lived on the ranch did that.
arctic_a0287_trimmed||Keep an eye on him.
arctic_a0469_trimmed||The eastern heavens were equally spectacular.
arctic_a0586_trimmed||We don't see ourselves as foolish.
arctic_a0216_trimmed||The other felt a suddene of irritation rush through him.
arctic_a0275_trimmed||There are no kiddies and half grown youths among them.
arctic_b0378_trimmed||I like to speculate upon the glorious future of man.
arctic_a0031_trimmed||They were three hundred yards apart.
arctic_a0420_trimmed||When I came to I wasing my hat and murmuring ecstatically.
arctic_b0013_trimmed||Lakes and rivers, hundreds of them, thousands of them.
arctic_a0439_trimmed||At sea, Wednesday, March 18, 1908.
arctic_a0077_trimmed||It is the fire, partly, she said.
arctic_b0464_trimmed||I could not agree with Ernest.
arctic_b0482_trimmed||Many other similar disconcerting omissions will be noticed in the Manuscript.
arctic_a0585_trimmed||Wonder if he's a lion dog, Charles suggested.
arctic_b0042_trimmed||Ten minutes had not elapsed since he had dropped the handkerchief.
arctic_b0450_trimmed||To my dearest and always appreciated friend, I submit myself.
arctic_a0318_trimmed||Production is doubling and quadrupling upon itself.
arctic_a0303_trimmed||But they make the mistake of ignoring their own duality.
arctic_a0461_trimmed||Ah, we were very close together in that moment.
arctic_b0380_trimmed||He had peeled off his shirt and was wildlying it.
arctic_b0418_trimmed||At that moment I got the impression that she was willowy.
arctic_a0230_trimmed||Do you know any good land around here.
arctic_a0212_trimmed||Fresh cases, still able to walk, they clustered about the spokesman.
arctic_a0482_trimmed||And their chief virtue lies in that they will never wear out.
arctic_b0394_trimmed||The boy hesitated, then mastered his temper.
arctic_a0485_trimmed||Each insult added to the value of the claim.
arctic_a0038_trimmed||We'll have to watch our chances.
arctic_a0331_trimmed||Poor little Crooked-Leg was terribly scared.
arctic_a0262_trimmed||They wouldn't be sweeping a big vessel like the Martha.
arctic_a0182_trimmed||This time he did not yap for mercy.
arctic_a0245_trimmed||Out of his eighteen hundred, he laid aside sixteen hundred each year.
arctic_a0462_trimmed||But she swung obediently on her heel into the wind.
arctic_a0223_trimmed||My, I'm almost homesick for it already.
arctic_b0087_trimmed||They will search for us between their camp and Churchill.
arctic_b0323_trimmed||Crickets began to chirp, and more geese and ducks flew overhead.
arctic_a0128_trimmed||This one hope was destroyed as quickly as it was born.
arctic_b0152_trimmed||OW, a wild dog, he growled.
arctic_b0010_trimmed||He turned the map to Gregson, pointing with his finger.
arctic_b0048_trimmed||He looked like one who had passed through an uncomfortable hour or two.
arctic_a0083_trimmed||A shadow was creeping over Pierre's eyes.
arctic_a0535_trimmed||A new preacher and a new doctrine come to Jerusalem.
arctic_b0536_trimmed||Typhoid -- did I tell you.
arctic_a0115_trimmed||He had no excuse for the feelings which were aroused in him.
arctic_b0187_trimmed||Her achievements with cocoanuts were a revelation.
arctic_b0513_trimmed||He plodded on for half an hour, when the hallucination arose again.
arctic_b0239_trimmed||And there was a dog that barked.
arctic_a0375_trimmed||The butchers and meat cutters refused to handle meat destined for unfair restaurants.
arctic_b0101_trimmed||You're a devil for fighting, and will surely win.
arctic_a0334_trimmed||He'll knock you off a few sticks in no time.
arctic_b0244_trimmed||You are positively soulless, he said savagely.
arctic_b0022_trimmed||If I was out of the game it would be easily made.
arctic_a0175_trimmed||Down there the earth was already swelling with life.
arctic_a0021_trimmed||It fairly clubbed me into recognizing it.
arctic_a0539_trimmed||I should like to engage just for one whole life in that.
arctic_a0191_trimmed||For a time the exciting thrill of his adventure was gone.
arctic_a0304_trimmed||I graduated last of my class.
arctic_a0167_trimmed||I was near the cabin, and saw you.
arctic_a0086_trimmed||Death had come with terrible suddenness.
arctic_a0459_trimmed||There's too much of the schoolboy in me.
arctic_a0355_trimmed||A burst of laughter was his reward.
arctic_b0164_trimmed||They laughed like two happy children.
arctic_b0431_trimmed||Too much, he told me, with ominous rolling head.
arctic_a0425_trimmed||Otherwise no restriction is put upon their seafaring.
arctic_b0354_trimmed||It's that much junk.
arctic_b0188_trimmed||He glanced down at her helplessly, and moistened his lips.
arctic_b0311_trimmed||The 29th very foggy.
arctic_a0045_trimmed||He moved away as quietly as he had come.
arctic_a0340_trimmed||It was like the beating of hoofs.
arctic_b0131_trimmed||Thorpe and his men were to destroy this camp, and kill you.
arctic_a0406_trimmed||And that was the last of Francois and Perrault.
arctic_b0286_trimmed||The time was considered auspicious.
arctic_b0363_trimmed||She was built primarily to sail.
arctic_a0396_trimmed||A rising tide of fat had submerged them.
arctic_a0506_trimmed||The Claudine was leaving next morning for Honolulu.
arctic_a0157_trimmed||He had worshiped her, as Dante might have worshiped Beatrice.
arctic_b0112_trimmed||Jeanne and Pierre both gazed toward the great rock.
arctic_a0511_trimmed||There is more behind this than a mere university ideal.
arctic_a0127_trimmed||It was a temptation, but he resisted it.
arctic_a0456_trimmed||But it won't continue, she said with easy confidence.
arctic_a0264_trimmed||And I hope you've got plenty of chain out, Captain Young.
arctic_a0362_trimmed||Nope, not the slightest idea.
arctic_a0267_trimmed||Eli Harding asked, as Shunk started to follow.
arctic_b0466_trimmed||It is dog eat dog, and you ate them up.
arctic_b0447_trimmed||O'Brien emitted a shriek that sank swiftly to a gurgling sob.
arctic_b0154_trimmed||That is the strange part of it.
arctic_a0099_trimmed||A maddening joy pounded in his brain.
arctic_a0397_trimmed||Call me that again, he murmured ecstatically.
arctic_a0382_trimmed||Daylight found himself charmed and made curious by the little man.
arctic_a0010_trimmed||I'm playing a single hand in what looks like a losing game.
arctic_a0317_trimmed||He was a wise hyena.
arctic_b0140_trimmed||They edged nearer, and stood shoulder to shoulder facing their world.
arctic_a0064_trimmed||The fourth and fifth days passed without any developments.
arctic_a0052_trimmed||It was a curious coincidence.
arctic_a0170_trimmed||There was none of the joy of meeting in his face.
arctic_a0476_trimmed||At this moment I felt a stir at my shoulder.
arctic_a0565_trimmed||With them were Indians, also three other men.
arctic_b0192_trimmed||Outsiders are allowed five minute speeches, the sick man urged.
arctic_a0413_trimmed||But I am at the end of my resources.
arctic_b0124_trimmed||Two weeks passed, and in that time Thorpe left camp three times.
arctic_a0528_trimmed||Men who endure it, call it living death.
arctic_a0421_trimmed||By golly, the boy wins.
arctic_a0402_trimmed||Curly rushed her antagonist, who struck again and leaped aside.
arctic_a0156_trimmed||A strange fire burned in his eyes when Thorpe turned.
arctic_a0206_trimmed||He says he bought him of Jacques Le Beau.
arctic_b0063_trimmed||He boiled himself some coffee and sat down to wait.
arctic_b0202_trimmed||Society is shaken to its foundations.
arctic_a0385_trimmed||That's what Carnegie did.
arctic_b0478_trimmed||The Oligarchy will encourage such ambition and the consequent competition.
arctic_a0432_trimmed||The boy at the wheel lost his head.
arctic_b0108_trimmed||It was a miracle, and I owe you my life.
arctic_b0440_trimmed||There were stir and bustle, new faces, and fresh facts.
arctic_a0224_trimmed||She nodded, and her eyes grew soft and moist.
arctic_a0006_trimmed||God bless 'em, I hope I'll go on seeing them forever.
arctic_a0174_trimmed||They were the presage of storm.
arctic_b0339_trimmed||Well, I'll be plumb gosh darned.
arctic_b0298_trimmed||His hand shot out and clutched Crooked-Leg by the neck.
arctic_b0213_trimmed||Some boy, she laughed acquiescence.
arctic_a0542_trimmed||Without a doubt, some of them have dinner engagements.
arctic_b0058_trimmed||We must achieve our own salvation.
arctic_a0531_trimmed||In what bucolic school of fence he had been taught was beyond imagining.
arctic_a0177_trimmed||She had been thoroughly and efficiently mauled.
arctic_a0209_trimmed||It was not a large lake, and almost round.
arctic_b0122_trimmed||Philip saw MacDougall soon after his short talk with Thorpe.
arctic_a0014_trimmed||Now you're coming down to business, Phil, he exclaimed.
arctic_a0109_trimmed||Do you know that you are shaking my confidence in you.
arctic_a0481_trimmed||Nimrod replied, with a slight manifestation of sensitiveness.
arctic_a0022_trimmed||Hardly were our plans made public before we were met by powerful opposition.
arctic_b0458_trimmed||The history of the eighteenth century is written, Ernest prompted.
arctic_a0017_trimmed||From that moment his friendship for Belize turns to hatred and jealousy.
arctic_a0059_trimmed||His immaculate appearance was gone.
arctic_a0063_trimmed||Yes, it was a man who asked, a stranger.
arctic_b0505_trimmed||How valiantly I went at it that first day.
arctic_a0566_trimmed||Dennin's hands were released long enough for him to sign the document.
arctic_b0457_trimmed||It was sanctification and salvation.
arctic_a0507_trimmed||In short, my joyous individualism was dominated by the orthodox bourgeois ethics.
arctic_b0470_trimmed||The very thing, Ernest agreed.
arctic_a0342_trimmed||Seventeen, no, eighteen days ago.
arctic_a0294_trimmed||He had been foiled in his attempt to escape.
arctic_a0135_trimmed||I am going to surprise father, and you will go with Pierre.
arctic_a0072_trimmed||But who was Eileen's double.
arctic_b0174_trimmed||Hatred and murder and lust for revenge they possessed to overflowing.
arctic_a0124_trimmed||It was Jeanne singing softly over beyond the rocks.
arctic_a0308_trimmed||His infernal chattering worries me even now as I think of it.
arctic_b0129_trimmed||Did Thorpe go to see any one in Churchill.
arctic_a0103_trimmed||But there came no promise from the bow of the canoe.
arctic_b0043_trimmed||It won't be for sale.
arctic_a0357_trimmed||A month passed by, and Bonanza Creek remained quiet.
arctic_b0003_trimmed||I can see that knife now.
arctic_a0555_trimmed||Jerry was so secure in his nook that he did not roll away.
arctic_b0257_trimmed||Tudor surveyed him with withering disgust.
arctic_b0212_trimmed||Death is and has been ever since old Maui died.
arctic_a0193_trimmed||It was edged with ice.
arctic_a0178_trimmed||Every bone in her aged body seemed broken or dislocated.
arctic_a0111_trimmed||Instead, he joined her; and they ate like two hungry children.
arctic_b0276_trimmed||We were now good friends.
arctic_b0018_trimmed||I was completely lost in my work.
arctic_b0248_trimmed||Exciting times are the lot of the fish patrol.
arctic_b0036_trimmed||He wondered, too, where Roscoe was.
arctic_b0126_trimmed||Blood was oozing slowly from the wounded man's right breast.
arctic_b0145_trimmed||Besides, had he not whipped the big owl in the forest.
arctic_a0454_trimmed||The sharp voice of Wolf Larsen aroused me.
arctic_a0207_trimmed||How much was it.
arctic_b0302_trimmed||I pulled, suddenly, with all my might.
arctic_a0119_trimmed||Jeanne was turning the bow shoreward.
arctic_a0204_trimmed||The wolf-dog thrust his gaunt muzzle toward him.
arctic_a0314_trimmed||Thus was momentum gained in the Younger World.
arctic_a0589_trimmed||I was sick once -- typhoid.
arctic_b0426_trimmed||The Gabriel voice of the Samurai rang out.
arctic_a0269_trimmed||That's where they cut off the Scottish Chiefs and killed all hands.
arctic_b0449_trimmed||Also, she wouldn't walk.
arctic_a0271_trimmed||Now please give a plain statement of what occurred.
arctic_b0465_trimmed||But such divergence of opinion would constitute no menace to society.
arctic_b0353_trimmed||I want to know how all this is possible.
arctic_a0518_trimmed||Illuminating oil was becoming all profit.
arctic_b0102_trimmed||I'll only be in the way.
arctic_a0281_trimmed||I do not blame you for anything; remember that.
arctic_b0361_trimmed||There are the canals of China, and the Yang-tse River.
arctic_a0301_trimmed||But all my dreams violated this law.
arctic_b0344_trimmed||Lots of men take women buggy riding.
arctic_b0114_trimmed||He moved his position, and the illusion was gone.
arctic_a0179_trimmed||Tomorrow I'm going after that bear, he said.
arctic_a0084_trimmed||Scarcely had he uttered the name when Pierre's closing eyes shot open.
arctic_b0309_trimmed||Nor was Elam Harnish an exception.
arctic_b0371_trimmed||Yield yourself to the waters that are ripping and tearing at you.
arctic_b0304_trimmed||His previous wives had never lived long enough to bear him children.
arctic_b0245_trimmed||Harrison is still my chauffeur.
arctic_b0243_trimmed||They had been on the same lay as ourselves.
arctic_a0187_trimmed||Ahead of them they saw a glimmer of sunshine.
arctic_b0159_trimmed||His teeth shut with a last click.
arctic_b0161_trimmed||In a flash he was on his feet, facing him.
arctic_a0345_trimmed||She was trying to pass the apron string around him.
arctic_a0154_trimmed||He was smooth-shaven, and his hair and eyes were black.
arctic_b0216_trimmed||I wish you were more adaptable, Joan retorted.
arctic_b0338_trimmed||It was unobtrusive, yet it was there.
arctic_b0329_trimmed||I'd sooner have my chips back.
arctic_a0114_trimmed||Her words sent a strange chill through Philip.
arctic_b0111_trimmed||The journey was continued at dawn.
arctic_a0171_trimmed||And when you come back in a few days, bring Eileen.
arctic_b0228_trimmed||You were engaged.
arctic_a0452_trimmed||Three oilers and a fourth engineer, was his greeting.
arctic_a0231_trimmed||The Resident Commissioner is away in Australia.
arctic_a0237_trimmed||So Hughie and I did the managing ourselves.
arctic_a0593_trimmed||She'd make a good wife for the cashier.
arctic_a0437_trimmed||By that answer my professional medical prestige stood or fell.
arctic_a0483_trimmed||Beyond dispute, Corry Hutchinson had married Mabel Holmes.
arctic_a0430_trimmed||Nevertheless we found ourselves once more in the high seat of abundance.
arctic_a0392_trimmed||There is that magnificent Bob, eating his head off in the stable.
arctic_a0289_trimmed||They are not regular oyster pirates, Nicholas continued.
arctic_a0310_trimmed||Massage under tension, was the cryptic reply.
arctic_a0291_trimmed||The weeks had gone by, and no overt acts had been attempted.
arctic_a0339_trimmed||They obeyed him, and went here and there at his commands.
arctic_a0588_trimmed||He had proved it today, with his amateurish and sophomoric productions.
arctic_a0323_trimmed||He considered the victory already his and stepped forward to the meat.
arctic_b0521_trimmed||And he thought of Oona, and of her words.
arctic_a0292_trimmed||Here, in the midmorning, the first casualty occurred.
arctic_b0206_trimmed||Horses and rifles had been her toys, camp and trail her nursery.
arctic_a0496_trimmed||And Tom King patiently endured.
arctic_a0145_trimmed||I have to be careful of them, as they tear very easily.
arctic_b0443_trimmed||I did not think you would be so early.
arctic_a0116_trimmed||Was it the rendezvous of those who were striving to work his ruin.
arctic_b0259_trimmed||Her mouth opened, but instead of speaking she drew a long sigh.
arctic_b0460_trimmed||The more his opponents grew excited, the more Ernest deliberately excited them.
arctic_a0201_trimmed||He cried, and swung the club wildly.
arctic_b0026_trimmed||You have associated with some of these men.
arctic_a0007_trimmed||And you always want to see it in the superlative degree.
arctic_a0519_trimmed||Such an act was in direct violation of the laws of the land.
arctic_b0296_trimmed||At times I wondered where Sir Archibald got his style.
arctic_a0344_trimmed||He seemed to fill it with his tremendous vitality.
arctic_b0538_trimmed||At the best, they were necessary accessories.
arctic_b0498_trimmed||I remembered the red wine of the Italian rancho, and shuddered inwardly.
arctic_b0011_trimmed||His eyes never took themselves for an instant from his companion's face.
arctic_a0513_trimmed||We must give ourselves and not our money alone.
arctic_a0387_trimmed||Bob, growing disgusted, turned back suddenly and attempted to pass Mab.
arctic_b0123_trimmed||Neither could they understand the growing disaffection among Thorpe's men.
arctic_b0347_trimmed||But ever his gaze returned to that Crouched Venus on the piano.
arctic_b0419_trimmed||Your father's fifth command, he nodded.
arctic_b0231_trimmed||What's that grub-thief got to do with it.
arctic_b0349_trimmed||In such a tumbling of values was no time to sell.
arctic_a0415_trimmed||It lasted as a deterrent for two days.
arctic_b0364_trimmed||In the Bohemian Club of San Francisco there are some crack sailors.
arctic_b0529_trimmed||Come on, Del Mar challenged.
arctic_a0576_trimmed||And the big Persian knew of his existence before he did of hers.
arctic_b0279_trimmed||He gave one last snarl and slid from view among the trees.
arctic_b0104_trimmed||Shooting pains passed like flashes of electricity through his body.
arctic_a0353_trimmed||Here the explosion of mirth drowned him out.
arctic_a0251_trimmed||I may manage to freight a cargo back as well.
arctic_b0075_trimmed||In that case he could not miss them, if he used caution.
arctic_b0107_trimmed||He was sure, now, of but few things.
arctic_b0358_trimmed||The temperature dropped to fifty below zero and remained there the whole trip.
arctic_a0133_trimmed||Philip began to feel that he had foolishly overestimated his strength.
arctic_a0192_trimmed||He did not rush in.
arctic_a0541_trimmed||The Warden with a quart of champagne.
arctic_b0149_trimmed||Pebbles and dirt flew along with hair and fur.
arctic_a0226_trimmed||That came before my A B C's.
arctic_a0040_trimmed||I suppose you wonder why she is coming up here.
arctic_b0116_trimmed||I have hunted along this ridge, replied Philip.
arctic_b0303_trimmed||Here we allow our solicitors to look after our legal work.
arctic_a0551_trimmed||All an appearance can know is mirage.
arctic_a0236_trimmed||Don't you see I hate you.
arctic_a0574_trimmed||Good business man, Curly, O'Brien was saying.
arctic_b0321_trimmed||Instead, he arrived on the night of the second day.
arctic_a0181_trimmed||So cheer up, and give us your paw.
arctic_b0410_trimmed||Have you ever earned a dollar by your own labour.
arctic_b0235_trimmed||Raoul yelled, in order to make himself heard.
arctic_b0526_trimmed||Thirty pounds, said the captain with finality.
arctic_b0166_trimmed||Fast, but endure.
arctic_a0407_trimmed||Mercedes screamed, cried, laughed, and manifested the chaotic abandonment of hysteria.
arctic_b0485_trimmed||The mob came on, but it could not advance.
arctic_b0171_trimmed||He changed his seat for a steamer reclining chair.
arctic_a0132_trimmed||A cry of joy burst from Philip's lips.
arctic_a0217_trimmed||Oppressive as the heat had been, it was now even more oppressive.
arctic_a0559_trimmed||Peace be unto you and grace before the Lord.
arctic_b0238_trimmed||The very thought of the effort to swim over was nauseating.
arctic_b0173_trimmed||To these he gave castor oil.
arctic_a0591_trimmed||We are both children together.
arctic_a0110_trimmed||Much, replied Jeanne, as tersely.
arctic_a0388_trimmed||It was my idea to a tee.
arctic_b0473_trimmed||Then there was the campaign.
arctic_a0152_trimmed||Philip thrust himself against it and entered.
arctic_a0348_trimmed||They only lifted seven hundred and fifty.
arctic_a0449_trimmed||A sinewy hand, dripping with water, was clutching the rail.
arctic_a0316_trimmed||We had been chased by them ourselves, more than once.
arctic_b0285_trimmed||The hyena proceeded to dine.
arctic_a0543_trimmed||I had been born with no organic, chemical predisposition toward alcohol.
arctic_b0436_trimmed||Famine had been my great ally.
arctic_a0180_trimmed||If not, let's say our prayers and go to bed.
arctic_a0374_trimmed||But life's worth more than cash, she argued.
arctic_b0359_trimmed||And as never before, he was ready to obey.
arctic_a0252_trimmed||O'Brien had been a clean living young man with ideals.
arctic_b0289_trimmed||At first his progress was slow and erratic.
arctic_b0495_trimmed||We who have endured so much surely can endure a little more.
arctic_a0218_trimmed||The ringing of the big bell aroused him.
arctic_a0049_trimmed||Gregson was asleep when he re-entered the cabin.
arctic_b0119_trimmed||Billinger may arrive in time.
arctic_b0476_trimmed||The reorganization of these countries took the form of revolution.
arctic_a0047_trimmed||Close beside him gleamed the white fangs of the wolf-dog.
arctic_a0149_trimmed||For an instant he saw Pierre drawn like a silhouette against the sky.
arctic_b0456_trimmed||He was an amphibian and a mountaineer.
arctic_b0527_trimmed||The very idea of it was preposterous.
arctic_a0205_trimmed||From now on we're pals.
arctic_a0438_trimmed||At sea, Monday, March 16, 1908.
arctic_b0133_trimmed||There followed a roar that shook the earth.
arctic_a0372_trimmed||He saw only the effect in a general, sketchy way.
arctic_a0293_trimmed||They were deep in the primeval forest.
arctic_a0572_trimmed||I never saw anything like her in my life.
arctic_b0118_trimmed||We saw your light, and thought you wouldn't mind a call.
arctic_a0121_trimmed||They ate dinner at the fifth, and rested for two hours.
arctic_a0102_trimmed||He will follow us soon.
arctic_a0299_trimmed||I tell you I am disgusted with this adventure tomfoolery and rot.
arctic_a0411_trimmed||It will break our hearts and our backs to hoist anchor by hand.
arctic_a0427_trimmed||Enters now the psychology of the situation.
arctic_b0146_trimmed||After all, it was simply a mistake in judgment.
arctic_b0106_trimmed||For a full minute the two men stared into each other's face.
arctic_a0120_trimmed||My right foot feels like that of a Chinese debutante.
arctic_b0039_trimmed||Philip took a step toward Gregson, half determined to awaken him.
arctic_a0104_trimmed||She was sleeping under his protection as sweetly as a child.
arctic_b0180_trimmed||I, I beg pardon, he drawled.
arctic_a0582_trimmed||Daughtry elaborated on the counting trick by bringing Cocky along.
arctic_b0346_trimmed||There's not an iota of truth in it.
arctic_a0044_trimmed||Her own betrayal of herself was like tonic to Philip.
arctic_a0386_trimmed||I can't argue with you, and you know that.
arctic_b0462_trimmed||One guess will do, Ernest retorted.
arctic_b0525_trimmed||New idea, he volunteered, brand new idea.
arctic_b0189_trimmed||That is what distinguishes all of us from the lower animals.
arctic_a0455_trimmed||I obeyed, and a minute or two later they stood before him.
arctic_b0177_trimmed||Her gray eyes were flashing, and her lips were quivering.
arctic_a0493_trimmed||The boy, O'Brien, was specially maltreated.
arctic_b0049_trimmed||There was nothing more, except a large ink blot under the words.
arctic_a0296_trimmed||Bassett was a fastidious man.
arctic_a0418_trimmed||The Portuguese boy crawled nearer and nearer.
arctic_b0014_trimmed||Whitefish, Gregson, whitefish and trout.
arctic_b0265_trimmed||I was not to cry out in the face of fear.
arctic_a0243_trimmed||I only read the quotations.
arctic_b0175_trimmed||Sheldon glanced at the thermometer.
arctic_b0258_trimmed||You fired me out of your house, in short.
arctic_b0430_trimmed||They were babbling and chattering all together.
arctic_b0246_trimmed||The boy grew and prospered.
arctic_b0081_trimmed||You were going to leave after you saw me on the rock.
arctic_b0163_trimmed||The moon had already begun its westward decline.
arctic_b0134_trimmed||Blind with rage, he darted in.
arctic_a0333_trimmed||This is no place for you.
arctic_b0060_trimmed||He would keep his faith with Gregson for the promised day or two.
arctic_b0467_trimmed||Let us run them for ourselves.
arctic_b0429_trimmed||And the Eurasian Chinese-Englishman bowed himself away.
arctic_a0098_trimmed||Shall I carry you.
arctic_a0089_trimmed||The nightglow was treacherous to shoot by.
arctic_a0422_trimmed||Halfway around the track one donkey got into an argument with its rider.
arctic_b0015_trimmed||They robbed me a few years later.
arctic_a0284_trimmed||There was no forecasting this strange girl's processes.
arctic_b0143_trimmed||It took him half an hour to reach the edge of it.
arctic_a0477_trimmed||Wada, Louis, and the steward are servants of Asiatic breed.
arctic_b0147_trimmed||Had it struck squarely it would have killed him.
arctic_a0070_trimmed||He would first hunt up Gregson and begin his work there.
arctic_a0122_trimmed||Two years ago I gave up civilization for this.
arctic_b0350_trimmed||Stand off butcher and baker and all the rest.
arctic_b0372_trimmed||Mr McVeigh told me about him.
arctic_b0170_trimmed||Then he shouted, Shut up.
arctic_b0157_trimmed||In the crib the baby sat up and began to prattle.
arctic_a0061_trimmed||Philip snatched at the letter which Gregson held out to him.
arctic_a0538_trimmed||What Pascal glimpsed with the vision of a seer, I have lived.
arctic_b0514_trimmed||Tomorrow or next day it might he gone.
arctic_b0294_trimmed||For a much longer time Lop-Ear and I remained and watched.
arctic_a0058_trimmed||I came for information more out of curiosity than anything else.
arctic_a0403_trimmed||His newborn cunning gave him poise and control.
arctic_a0376_trimmed||Your price, my son, is just about thirty per week.
arctic_a0136_trimmed||About him, everywhere, were the evidences of luxury and of age.
arctic_a0027_trimmed||To my surprise he began to show actual enthusiasm in my favor.
arctic_a0457_trimmed||What I saw I could not at first believe.
arctic_a0158_trimmed||Does that look good.
arctic_b0501_trimmed||And wherever I ranged, the way lay along alcohol-drenched roads.
arctic_b0137_trimmed||But this little defect did not worry him.
arctic_b0209_trimmed||He's terribly touchy about his black wards, as he calls them.
arctic_b0322_trimmed||Their supply of grub was gone.
arctic_a0490_trimmed||Both Johnny and his mother shuffled their feet as they walked.
arctic_b0252_trimmed||It resembled tea less than lager beer resembles champagne.
arctic_b0065_trimmed||Now have you got anything to say against me, Mr Philip.
arctic_a0491_trimmed||And as in denial of guilt, the one-legged boy replied.
arctic_a0032_trimmed||Since then some mysterious force has been fighting us at every step.
arctic_b0062_trimmed||Now it was missing from the wall.
arctic_b0082_trimmed||He bit his tongue, and cursed himself at this fresh break.
arctic_a0168_trimmed||Low bush whipped him in the face and left no sting.
arctic_a0444_trimmed||Then you don't believe in altruism.
arctic_a0026_trimmed||It occurred to me that there would have to be an accounting.
arctic_a0311_trimmed||Therefore, hurrah for the game.
arctic_b0489_trimmed||He was a merry monarch, especially so for an Asiatic.
arctic_b0387_trimmed||It is merely the simple superlative.
arctic_b0225_trimmed||The President of the United States was his friend.
arctic_a0436_trimmed||But Martin smiled a superior smile.
arctic_a0277_trimmed||McCoy found a stifling, poisonous atmosphere in the pent cabin.
arctic_a0346_trimmed||Get down and dig in.
arctic_a0504_trimmed||He was an athlete and a giant.
arctic_a0474_trimmed||I sailed third mate in the little Vampire before you were born.
arctic_a0389_trimmed||Mab, she said.
arctic_a0379_trimmed||How old are you, daddy.
arctic_b0502_trimmed||And as we hurried up town, Joe Goose explained.
arctic_a0259_trimmed||Think of investing in such an adventure.
arctic_b0001_trimmed||Gad, do I remember it.
arctic_a0071_trimmed||What was the object of your little sensation.
arctic_b0242_trimmed||The Japanese understood as we could never school ourselves or hope to understand.
arctic_a0368_trimmed||I just do appreciate it without being able to express my feelings.
arctic_b0138_trimmed||And then, steadily, he began to chew.
arctic_b0310_trimmed||A little treatment, massage, with some help from the doctor.
arctic_b0531_trimmed||I am sure it must have been some adventure.
arctic_b0432_trimmed||He is a candidate, rising from the serf class to our class.
arctic_b0330_trimmed||They only had a little thirty thousand dollar fire.
arctic_b0395_trimmed||I was beneath the water, suffocating and drowning.
arctic_b0051_trimmed||The sixth day he spent in the cabin with Gregson.
arctic_b0064_trimmed||I'm going down there with you, and I'm going to fight.
arctic_b0027_trimmed||And there's no chivalry, no quarter shown in this fight.
arctic_b0151_trimmed||It was steel, a fisher trap.
arctic_b0400_trimmed||How could I answer the question on the spur of the moment.
arctic_b0268_trimmed||Saxon nodded, and the boy frowned.
arctic_a0126_trimmed||Each day she became a more vital part of him.
arctic_a0515_trimmed||But here amongst ourselves let us speak out.
arctic_a0429_trimmed||Quick was the disappointment in his face, yet smiling was the acquiescence.
arctic_b0219_trimmed||Well, there are better men in Hawaii, that's all.
arctic_a0336_trimmed||So unexpected was my charge that I knocked him off his feet.
arctic_a0030_trimmed||I had faith in them.
arctic_b0214_trimmed||Let us talk it over and find a way out.
arctic_a0562_trimmed||What the flaming.
arctic_a0443_trimmed||He was worth nothing to the world.
arctic_b0383_trimmed||A bush chief had died a natural death.
arctic_a0288_trimmed||Those are my oysters, he said at last.
arctic_a0522_trimmed||For such countries nothing remained but reorganization.
arctic_b0474_trimmed||He was manifestly distressed by my coming.
arctic_a0241_trimmed||I think it's much nicer to quarrel.
arctic_b0427_trimmed||The sunsets grow more bizarre and spectacular off this coast of the Argentine.
arctic_b0211_trimmed||This is eighteen eighty.
arctic_a0004_trimmed||Lord, but I'm glad to see you again, Phil.
arctic_a0173_trimmed||The date was nearly eighteen years old.
arctic_a0363_trimmed||It is not an attempt to smash the market.
arctic_a0131_trimmed||Providence had delivered him through the maelstrom.
arctic_a0307_trimmed||Very early in my life, I separated from my mother.
arctic_a0199_trimmed||Thus had the raw wilderness prepared him for this day.
arctic_a0463_trimmed||They are his tongue, by which he makes his knowledge articulate.
arctic_b0262_trimmed||Saxon's onto her job.
arctic_a0029_trimmed||Their forces were already moving into the north country.
arctic_a0390_trimmed||I'll go over tomorrow afternoon.
arctic_a0087_trimmed||Philip bent lower, and stared into the face of the dead man.
arctic_b0006_trimmed||He seized Gregson by the arm and led him to the door.
arctic_a0268_trimmed||Now go ahead and tell me in a straightforward way what has happened.
arctic_b0266_trimmed||And now put yourself in my place for a moment.
arctic_b0299_trimmed||Miss Brodie's smile was slightly sarcastic.
arctic_b0247_trimmed||He wanted to give the finish to this foe already so far gone.
arctic_a0186_trimmed||Like a flash he launched himself into the feathered mass of the owl.
arctic_b0041_trimmed||But if Pierre did not return, until tomorrow.
arctic_a0094_trimmed||He had barely entered this when he saw the glow of a fire.
arctic_b0444_trimmed||He did not know what went on in the minds of his superiors.
arctic_a0499_trimmed||And right there I saw and knew it all.
arctic_a0283_trimmed||The woman in you is only incidental, accidental, and irrelevant.
arctic_b0196_trimmed||How can you manage all alone, Mr Young.
arctic_a0373_trimmed||Points of view, new ideas, life.
arctic_a0215_trimmed||They die out of spite.
arctic_b0292_trimmed||The Fire-Men wore animal skins around their waists and across their shoulders.
arctic_b0186_trimmed||I can't go elsewhere, by your own account.
arctic_a0401_trimmed||The man smiled grimly, and brought a hatchet and a club.
arctic_a0558_trimmed||And the foundation stone of service, in his case, was obedience.
arctic_b0071_trimmed||There was no answer from the other side.
arctic_b0044_trimmed||For a few moments he ate in silence.
arctic_b0035_trimmed||After all, the picture was only a resemblance.
arctic_a0020_trimmed||Clubs and balls and cities grew to be only memories.
arctic_a0424_trimmed||Obviously, it was a disease that could be contracted by contact.
arctic_b0215_trimmed||It is a good property, and worth more than that.
arctic_a0545_trimmed||The Italian rancho was a bachelor establishment.
arctic_b0415_trimmed||There was nothing for us but the wide raw ocean.
arctic_a0479_trimmed||I tried to read George Moore last night, and was dreadfully bored.
arctic_b0132_trimmed||There is no need of further detail, now -- for you can understand.
arctic_a0062_trimmed||The men stared into each other's face.
arctic_b0142_trimmed||Something vastly more thrilling had come into it now.
arctic_b0308_trimmed||We never made another migration.
arctic_b0261_trimmed||And he did hurt my arm.
arctic_a0408_trimmed||The Eldorado emptied its occupants into the street to see the test.
arctic_b0019_trimmed||His slim hands gripped the edges of the table.
arctic_b0393_trimmed||I was still weak from my prolonged immersion.
arctic_b0422_trimmed||This was when the explosion occurred.
arctic_a0505_trimmed||We fished sharks on Niihau together.
arctic_a0500_trimmed||Who the devil gave it to you to be judge and jury.
arctic_b0503_trimmed||The scents of strange vegetation blew off the tropic land.
arctic_b0139_trimmed||Together they ate the rabbit.
arctic_b0377_trimmed||A scarlet loincloth completed his costume.
arctic_b0523_trimmed||The Russian music player, the Count, was her obedient slave.
arctic_a0434_trimmed||A half a case of tobacco was worth three pounds.
arctic_a0261_trimmed||I have been doubly baptized.
arctic_b0020_trimmed||He made no reply as he waited for Whittemore to continue.
arctic_a0163_trimmed||Philip made no effort to follow.
arctic_b0357_trimmed||The Law of Club and Fang
arctic_b0532_trimmed||That Longfellow chap most likely had written countless books of poetry.
arctic_a0273_trimmed||They are big trees and require plenty of room.
arctic_a0384_trimmed||The farmer works the soil and produces grain.
arctic_b0218_trimmed||The issue was not in doubt.
arctic_b0277_trimmed||Two of the Folk were already up.
arctic_b0388_trimmed||I made no more overtures.
arctic_a0453_trimmed||Eighteen hundred, he calculated.
arctic_a0577_trimmed||Once the jews harp began emitting its barbaric rhythms, Michael was helpless.
arctic_b0030_trimmed||Gregson held a lighted match until it burnt his fingertips.
arctic_b0405_trimmed||And each year something happened, and I did not go.
arctic_b0050_trimmed||All this day Gregson remained in the cabin.
arctic_b0281_trimmed||Just the same I'd sooner be myself than have book indigestion.
arctic_b0008_trimmed||Burke himself had criticized it because of the smile.
arctic_b0477_trimmed||You're going in for grab sharing.
arctic_a0228_trimmed||But it contributed to the smash.
arctic_b0463_trimmed||Take my advice and accept the vacation.
arctic_a0282_trimmed||If you mean to insinuate -- Brentwood began hotly.
arctic_a0144_trimmed||But there was something even more startling than this resemblance.
arctic_b0512_trimmed||You should have seen them when they heard me spitting Chinook.
arctic_b0454_trimmed||Eighteen, he added.
arctic_b0420_trimmed||On occasion, on this traverse, the Cape Verde Islands are raised.
arctic_b0083_trimmed||In it there was something that was almost tragedy.
arctic_b0312_trimmed||Dig in; you're sure good, was Daylight's answer.
arctic_a0147_trimmed||A moment before he was intoxicated by a joy that was almost madness.
arctic_a0359_trimmed||Earth and gravel seemed to fill the pan.
arctic_a0501_trimmed||You're joking me, sir, the other managed to articulate.
arctic_b0182_trimmed||I was in New York when the crash came.
arctic_b0229_trimmed||I saw it all myself, and it was splendid.
arctic_b0280_trimmed||Again the girls applauded, and Mrs Hall cried.
arctic_a0198_trimmed||Sometimes her dreams were filled with visions.
arctic_b0253_trimmed||The very opposite is true; they are discouraged vagabonds.
arctic_b0233_trimmed||So she said, the irate skipper dashed on.
arctic_a0253_trimmed||He it was that lived to found the family of the Patino.
arctic_a0278_trimmed||It would give me nervous prostration.
arctic_a0549_trimmed||Do you know that we weigh every pound of coal we burn.
arctic_b0340_trimmed||These quick little joys of hers were sources of joy to him.
arctic_a0189_trimmed||The big-eyed, clucking moose-birds were most annoying.
arctic_b0271_trimmed||It was put together in a casual, helter-skelter sort of way.
arctic_a0172_trimmed||Gregson had left the outer door slightly ajar.
arctic_a0213_trimmed||Between him and the beach was the cane-grass fence of the compound.
arctic_a0286_trimmed||Give them their choice between a fine or an official whipping.
arctic_b0162_trimmed||He thought he saw a shudder pass through the Factor's shoulders.
arctic_b0201_trimmed||I also understand that similar branch organizations have made their appearance in Europe.
arctic_b0468_trimmed||It was introduced by Representative Dick of Ohio.
arctic_b0293_trimmed||Between him and all domestic animals there must be no hostilities.
arctic_b0300_trimmed||Does the old boy often go off at half-cock that way.
arctic_b0168_trimmed||The Indian felt the worship of her warm in his heart.
arctic_b0319_trimmed||Daylight was tired, profoundly tired.
arctic_b0158_trimmed||She obeyed, shrinking back with the baby in her arms.
arctic_b0539_trimmed||You were making them talk shop, Ruth charged him.
arctic_a0525_trimmed||The Oligarchy wanted violence, and it set its agents provocateurs to work.
arctic_b0397_trimmed||The hunters were still arguing and roaring like some semi-human amphibious breed.
arctic_b0366_trimmed||I forgot how easily I had taught myself from the printed page.
arctic_a0451_trimmed||I noticed blood spouting from Kerfoot's left hand.
arctic_a0050_trimmed||In spite of their absurdity the words affected Philip curiously.
arctic_b0438_trimmed||They ran the canoe in and climbed the high earth bank.
arctic_b0040_trimmed||The thought set his blood tingling.
arctic_a0005_trimmed||Will we ever forget it.
arctic_a0360_trimmed||But he no longer cared quite so much for that form of diversion.
arctic_b0494_trimmed||Never so strange a prophet came up to Jerusalem.
arctic_b0533_trimmed||His abnormal power of vision made abstractions take on concrete form.
arctic_b0306_trimmed||Cameron looked at his hands with their long, sinewy fingers.
arctic_a0159_trimmed||They look as though he had been drumming a piano all his life.
arctic_b0455_trimmed||His reward should have been peace and repose.
arctic_b0307_trimmed||We got few vegetables and fruits, and became fish eaters.
arctic_b0500_trimmed||Then came my boy code.
arctic_a0060_trimmed||Anyway, no one saw her like that.
arctic_a0266_trimmed||They handled two men already, both grub-thieves.
arctic_a0570_trimmed||Behind him lay the thousand-years-long road across all Siberia and Russia.
arctic_b0326_trimmed||Our Mr Howison will call upon you at your hotel.
arctic_a0487_trimmed||The river bared its bosom, and snorting steamboats challenged the wilderness.
arctic_a0001_trimmed||Author of the danger trail, Philip Steels, etc.
arctic_b0167_trimmed||A little before dawn of the day following, the fire relief came.
arctic_a0523_trimmed||They could not continue their method of producing surpluses.
arctic_b0517_trimmed||Eggshell is not good to eat.
arctic_b0497_trimmed||One great drawback to farming in California is our long dry summer.
arctic_b0199_trimmed||Dear Sir, Your second victim has fallen on schedule time.
arctic_b0423_trimmed||Also, at regular intervals, he would mutter.
arctic_a0544_trimmed||He may anticipate the day of his death.
arctic_a0335_trimmed||Red-Eye swung back and forth on the branch farther down.
arctic_a0298_trimmed||This tacit promise of continued acquaintance gave Saxon a little joy-thrill.
arctic_a0141_trimmed||It seems like a strange pointing of the hand of God.
arctic_b0519_trimmed||Yea, I will tell thee.
arctic_b0524_trimmed||So far as flags were concerned, they were beyond all jurisdiction.
arctic_b0128_trimmed||Philip bent low over Pierre.
arctic_a0295_trimmed||And twenty men could hold it with spears and arrows.
arctic_b0483_trimmed||The flower of the artistic and intellectual world were revolutionists.
arctic_b0332_trimmed||As to how she dressed, he had no ideas at all.
arctic_a0466_trimmed||Captain West may be a Samurai, but he is also human.
arctic_b0172_trimmed||On the far corner of the compound fence a hawk brooded.
arctic_b0348_trimmed||Would you be satisfied with that one hundredth part of me.
arctic_b0356_trimmed||He loved to play Chinese lottery.
arctic_a0328_trimmed||The Fire People, like ourselves, lived in caves.
arctic_a0540_trimmed||Yea, so are all the lesser animals of today clean.
arctic_a0309_trimmed||White Leghorns, said Mrs Mortimer.
arctic_b0368_trimmed||Please do not think that I already know it all.
arctic_b0273_trimmed||Then it was that a strange thing happened.
arctic_b0183_trimmed||No, I did not fall among thieves.
arctic_b0085_trimmed||Her eyes smiled truth at him as he came up the bank.
arctic_b0241_trimmed||The women they carried away with them to the Big Valley.
arctic_a0234_trimmed||Why, the average review is more nauseating than cod liver oil.
arctic_b0057_trimmed||They have won popular sentiment through the newspapers.
arctic_b0290_trimmed||He placed his paw on one, and its movements were accelerated.
arctic_b0190_trimmed||Idealism led him to philosophic anarchy, and his family threw him off.
arctic_a0090_trimmed||The singing voice approached rapidly.
arctic_a0117_trimmed||She added, with genuine sympathy in her face and voice.
arctic_a0024_trimmed||It was my reports from the north which chiefly induced people to buy.
arctic_b0331_trimmed||His partners had starved and died on the Stewart.
arctic_a0478_trimmed||Also, she has forbidden them smoking their pipes in the after-room.
arctic_b0328_trimmed||Change chairs, Daylight commanded.
arctic_a0380_trimmed||But in the canyons water was plentiful and also a luxuriant forest growth.
arctic_b0203_trimmed||A month in Australia would finish me.
arctic_a0431_trimmed||Wada and Nakata were in a bit of a funk.
arctic_a0019_trimmed||I followed the line of the proposed railroad, looking for chances.
arctic_a0369_trimmed||In partnership with Daylight, the pair raided the San Jose Interurban.
arctic_a0184_trimmed||Don't you see, I'm chewing this thing in two.
arctic_b0336_trimmed||How old are you, mother.
arctic_a0573_trimmed||There was no law on the Yukon save what they made for themselves.
arctic_a0137_trimmed||Then he stepped back with a low cry of pleasure.
arctic_a0571_trimmed||He had forgotten to build a fire and thaw out.
arctic_a0074_trimmed||And now, down there, Eileen was waiting for him.
arctic_a0581_trimmed||It was this proposition that started the big idea in Daughtry's mind.
arctic_a0101_trimmed||You, you would not keep the truth from me.
arctic_a0315_trimmed||Saxon waited, for she knew a fresh idea had struck Billy.
arctic_b0055_trimmed||She was even more beautiful than when I saw her, before.
arctic_a0188_trimmed||Two gigantic owls were tearing at the carcass.
arctic_a0035_trimmed||He stopped, and Philip nodded at the horrified question in his eyes.
arctic_a0202_trimmed||She turned, fearing that Jacques might see what was in her face.
arctic_a0235_trimmed||His voice was passionately rebellious.
arctic_b0198_trimmed||I use great trouble advisedly.
arctic_b0509_trimmed||He had fulfilled his duty and paid properly.
arctic_a0509_trimmed||Yet, in accordance with Ernest's test of truth, it worked.
arctic_b0384_trimmed||The skipper's and Nakata's gymnastics served as a translation without words.
arctic_a0142_trimmed||Such things had occurred before, he told Philip.
arctic_b0352_trimmed||Now just what do you want to know.
arctic_b0487_trimmed||After all superfluous flesh is gone what is left is stringy and resistant.
arctic_b0452_trimmed||They saw each other for the first time in Boston.
arctic_a0503_trimmed||His beady black eyes saw bargains where other men saw bankruptcy.
arctic_a0553_trimmed||I am writing these lines in Honolulu, Hawaii.
arctic_a0197_trimmed||Such a dog the wise driver kills, or turns loose.
arctic_a0033_trimmed||He unfolded a long typewritten letter, and handed it to Gregson.
arctic_a0394_trimmed||It's the strap hangers that'll keep us from going under.
arctic_a0526_trimmed||Nowhere did the raw earth appear.
arctic_b0425_trimmed||There were orange-green, gold-green, and a copper-green.
arctic_b0391_trimmed||At sea, Tuesday, March 17, 1908.
arctic_b0255_trimmed||Then, again, Tudor had such an irritating way about him.
arctic_a0587_trimmed||He had comparatively no advantages at first.
arctic_b0070_trimmed||There was no chance to fire without hitting him.
arctic_a0009_trimmed||He turned sharply, and faced Gregson across the table.
arctic_b0337_trimmed||Here he got a fresh thrill.
arctic_b0267_trimmed||The boy threw back his head with pride.
arctic_b0068_trimmed||Only the chance sound had led him to observe them.
arctic_a0440_trimmed||Yes, sir, I corrected.
arctic_a0232_trimmed||I cannot follow you, she said.
arctic_b0097_trimmed||Besides, that noise makes me deaf.
arctic_b0270_trimmed||We could throw stones with our feet.
arctic_a0280_trimmed||I'll be out of my head in fifteen minutes.
arctic_b0066_trimmed||If I meet her again I shall apologize, said Eileen.
arctic_b0024_trimmed||It is growing, every day, every hour.
arctic_b0184_trimmed||Such things in her brain were like so many oaths on her lips.
arctic_b0327_trimmed||He had been so easy.
arctic_b0530_trimmed||He had a big chimpanzee that was a winner.
arctic_a0244_trimmed||He was the soul of devotion to his employers.
arctic_a0013_trimmed||He was a head shorter than his companion, of almost delicate physique.
arctic_a0450_trimmed||No man ate of the seal meat or the oil.
arctic_b0084_trimmed||Your face is red with blood.
arctic_b0165_trimmed||He pulled, and the log crashed down to break his back.
arctic_b0032_trimmed||He caught himself with a jerk.
arctic_b0080_trimmed||Tomorrow it will be strong enough for you to stand upon.
arctic_b0446_trimmed||Some one had thrust a large sheath-knife into his hand.
arctic_a0211_trimmed||It drowned all sound that brute agony and death may have made.
arctic_a0092_trimmed||He went down in midstream, searching the shadows of both shores.
arctic_a0248_trimmed||I had been sad too long already.
arctic_b0367_trimmed||Any average young fellow can teach himself in a week.
arctic_a0140_trimmed||Accept a father's blessing, and with it, this.
arctic_a0488_trimmed||Their love burned with increasing brightness.
arctic_b0439_trimmed||The land exchanged its austere robes for the garb of a smiling wanton.
arctic_b0341_trimmed||I play that choice wide open to win.
arctic_a0426_trimmed||They do not know the length of time of incubation.
arctic_a0255_trimmed||You won't die of malnutrition, be sure of that.
arctic_a0203_trimmed||They were following the shore of a lake.
arctic_b0105_trimmed||I know that you are in charge there, and Jeanne knows.
arctic_b0076_trimmed||Before Philip could recover himself Jeanne's startled guards were upon him.
arctic_b0496_trimmed||I have seen myself that one man contemplated by Pascal's philosophic eye.
arctic_b0113_trimmed||There was something pathetic in the girl's attitude now.
arctic_a0043_trimmed||It seemed nearer to him since he had seen and talked with Gregson.
arctic_b0092_trimmed||I want to die in it.
arctic_a0148_trimmed||Now these things had been struck dead within him.
arctic_b0373_trimmed||Unlike Joshua, he stood in no need of divine assistance.
arctic_b0069_trimmed||Could the incident have anything to do with Jeanne and Pierre.
arctic_b0317_trimmed||He did not believe in the burning of daylight for such a luxury.
arctic_a0486_trimmed||For the rest, he was a mere automaton.
arctic_b0260_trimmed||It's worth eight dollars.
arctic_a0134_trimmed||He obeyed the pressure of her hand.
arctic_a0153_trimmed||MacDougall tapped his forehead suspiciously with a stubby forefinger.
arctic_b0150_trimmed||And he was filled with a strange and foreboding fear.
arctic_a0492_trimmed||Burnt out like the crater of a volcano.
arctic_a0405_trimmed||It seemed the ordained order of things that dogs should work.
arctic_a0018_trimmed||There was a change now.
arctic_a0366_trimmed||A wildly exciting time was his during the week preceding Thursday the eighteenth.
arctic_a0534_trimmed||But Johannes could, and did.
arctic_b0240_trimmed||There are four, all low, McCoy answered.
arctic_a0096_trimmed||Perhaps she had already met her fate a little deeper in the forest.
arctic_b0144_trimmed||But there was no longer the mother yearning in his heart.
arctic_a0502_trimmed||Anything unusual or abnormal was sufficient to send a fellow to Molokai.
arctic_a0078_trimmed||Then, and at supper, he tried to fathom her.
arctic_b0396_trimmed||The pain from my hurt knee was agonizing.
arctic_a0465_trimmed||He'll never do a tap of work the whole Voyage.
arctic_b0095_trimmed||He heard a sound which brought him quickly into consciousness of day.
arctic_b0334_trimmed||Oh, it's just a novel, a love story.
arctic_b0417_trimmed||The next thing to watch out for is bed sores.
arctic_a0467_trimmed||And so early in the voyage, too.
arctic_b0117_trimmed||That's Thorpe's, said the young engineer.
arctic_a0563_trimmed||Mrs McFee's jaws brought together with a snap.
arctic_b0411_trimmed||He gave no reason, but his motive was obvious enough.
arctic_a0016_trimmed||There's Fort Churchill, a rifle-shot beyond the ridge, asleep.
arctic_a0067_trimmed||Surely I will excuse you, she cried.
arctic_b0181_trimmed||And you preferred a cannibal isle and a cartridge belt.
arctic_b0472_trimmed||Ernest saw in the affair the most sinister import.
arctic_a0034_trimmed||Men of Selden's stamp don't stop at women and children.
arctic_b0376_trimmed||Thought I, and a worthy fool he proved.
arctic_a0514_trimmed||We are consumed in our own flesh-pots.
arctic_b0291_trimmed||The awe of man rushed over him again.
arctic_a0093_trimmed||For a full minute he crouched and listened.
arctic_b0518_trimmed||But there was also talk of witchcraft in the village.
arctic_b0282_trimmed||Some of the smaller veins had doubtless been ruptured.
arctic_a0435_trimmed||What do you mean by this outrageous conduct.
arctic_a0473_trimmed||The night was calm and snowy.
arctic_a0012_trimmed||Gregson shoved back his chair and rose to his feet.
arctic_a0260_trimmed||Nobody knew his history, they of the Junta least of all.
arctic_a0530_trimmed||Ask him, I laughed, then turned to Pasquini.
arctic_a0233_trimmed||I never allow what can't be changed to annoy me.
arctic_b0461_trimmed||By virtue of that power we shall remain in power.
arctic_b0125_trimmed||It was the third or fourth time that Philip had heard MacDougall swear.
arctic_b0195_trimmed||Nobody knows how the natives got them.
arctic_a0164_trimmed||He came first a year ago, and revealed himself to Jeanne.
arctic_a0512_trimmed||No, it is a palace, wherein there are many servants.
arctic_a0015_trimmed||It's the aurora borealis.
arctic_b0342_trimmed||Each improvement makes the value of everything else pump up.
arctic_b0141_trimmed||It was beating and waiting in the ambush of those black pits.
arctic_a0547_trimmed||Men like Joe Goose dated existence from drunk to drunk.
arctic_b0345_trimmed||Daylight made no answer, and the door closed behind him.
arctic_b0537_trimmed||But she had become an automaton.
arctic_b0094_trimmed||And yet if she came he had no words to say.
arctic_a0393_trimmed||Already he had begun borrowing from the banks.
arctic_b0441_trimmed||And there was Ethel Baird, whom also you must remember.
arctic_b0435_trimmed||Well, did they eat.
arctic_a0590_trimmed||In a way he is my protege.
arctic_a0265_trimmed||The discovery seemed to have been made on the spur of the moment.
arctic_a0326_trimmed||Cherokee identified himself with his instinct.
arctic_b0029_trimmed||All operations have been carried on from Montreal and Toronto.
arctic_b0098_trimmed||Philip looked back from the crest and saw Jeanne leaning over the canoe.
arctic_b0093_trimmed||Darkness hid him from Jeanne.
arctic_b0402_trimmed||An altruistic act is an act performed for the welfare of others.
arctic_b0437_trimmed||Nowhere in the North is the soil so prolific.
arctic_b0230_trimmed||Now run along, and tell them to hurry.
arctic_b0136_trimmed||Swiftly his eyes measured the situation.
arctic_a0290_trimmed||One by one the boys were captured.
arctic_a0073_trimmed||The promoter's eyes were heavy, with little puffy bags under them.
arctic_b0479_trimmed||Violation of this law was made a high misdemeanor and punished accordingly.
arctic_b0153_trimmed||He was a pariah; a wanderer without a friend or a home.
arctic_a0300_trimmed||From my earliest recollection my sleep was a period of terror.
arctic_b0406_trimmed||How in hell did he know it was you in the dark.
arctic_b0208_trimmed||You read the quotations in today's paper.
arctic_b0031_trimmed||Gregson had seated himself under the lamp and was sharpening a pencil.
arctic_b0409_trimmed||The dirk mentioned by Wolf Larsen rested in its sheath on my hip.
arctic_a0321_trimmed||The log on which Lop-Ear was lying got adrift.
arctic_b0046_trimmed||Philip produced a couple of cigars and took a chair opposite him.
arctic_b0078_trimmed||There was pride and strength, the ring of triumph in his voice.
arctic_a0254_trimmed||Straight out they swam, their heads growing smaller and smaller.
arctic_b0210_trimmed||Whatever he guessed he locked away in the taboo room of Naomi.
arctic_a0319_trimmed||And the Edinburgh Evening News says, with editorial gloom.
arctic_a0365_trimmed||These rumors may even originate with us.
arctic_b0522_trimmed||Nor would it thaw out his hands and feet.
arctic_b0086_trimmed||He can care for himself.
arctic_b0264_trimmed||But this time it was Saxon who rebelled.
arctic_b0414_trimmed||It was impossible to hoist sail and claw off that shore.
arctic_b0381_trimmed||And how would we ever find ourselves.
arctic_b0028_trimmed||Lord Fitzhugh is the key to the whole situation.
arctic_a0208_trimmed||Youth had come back to her, freed from the yoke of oppression.
arctic_b0386_trimmed||My idea was that he would have more influence over the natives.
arctic_a0332_trimmed||Unconsciously, our yells and exclamations yielded to this rhythm.
arctic_a0560_trimmed||His mouth opened; words shaped vainly on his lips.
arctic_a0404_trimmed||Perrault found one with head buried in the grub box.
arctic_a0351_trimmed||It was more like sugar.
arctic_b0360_trimmed||This state of mind comes of an undue prominence of the ego.
arctic_a0219_trimmed||At first he puzzled over something untoward he was sure had happened.
arctic_a0302_trimmed||It is very plausible to such people, a most convincing hypothesis.
arctic_b0480_trimmed||Without discussion, it was the agents provocateurs who caused the Peasant Revolt.
arctic_a0169_trimmed||Suddenly Jeanne stopped for an instant.
arctic_a0088_trimmed||He made sure that the magazine was loaded, and resumed his paddling.
arctic_a0480_trimmed||Tom Spink has a harpoon.
arctic_b0374_trimmed||To say the least, Captain Cook was a rather thorough going empiricist.
arctic_a0002_trimmed||Not at this particular case, Tom, apologized Whittemore.
arctic_a0364_trimmed||We have plenty of capital ourselves, and yet we want more.
arctic_a0037_trimmed||I was the only one who remained sitting.
